fuente,nivel_escalera,status,valor,origin,provenance,hash,usada
"LONJA_MARKET_BAQ (identificador histórico, retirado del Source Registry)",LEVEL_5_STATIC_REFERENCE,NOT_SUPPORTED · retirada_del_registro=true · en_source_registry=false,(sin valor: no aporta datos),NO_SOURCE,"product_role=NOT_A_SOURCE · No hay dataset de la Lonja, ni contrato de datos, ni columna obligatoria, ni periodicidad, ni vigencia, ni valor por m² suministrado por ella. Sin URL, sin fecha de consulta y sin comparables. El identificador `LONJA_MARKET_BAQ` se conserva como identificador histórico sellado (no se renombra), pero",2cefbe88ae20a1282854761f879ccba69efcde93601d4bc8ac101b0d5b4368b3,NO
lonja_market_baq_v1.json · sector Miramar (=sector del sujeto),LEVEL_5_STATIC_REFERENCE,"SOURCE_UNAVAILABLE · VENCIDA (hasta 2026-08-31, corrida 2026-09-30, 30 d después) · parámetro declarado por la corrida","value_per_m2=6800000 · rango=[5500000, 8000000] · source_date=Q3-2026",MANUAL_CONFIG,"fuente_declarada=Precio de venta verificado en la constructora del proyecto (unidades ~58 m2 terminadas, 2026) — parámetros declarados por la corrida (sin fuente externa automática verificada) · valor_declarado_en=valor_suelo_por_sector.Miramar.valor_central_m2 · effective_from=2026-05-08 · effective_to=2026-08-31",c45b1fefc6eac8e089a1bcc6381f1a56cd700f7bdd09e955346d6398b4de9586,NO
lonja_market_baq_v1.json · sector Riomar,LEVEL_5_STATIC_REFERENCE,"SOURCE_UNAVAILABLE · VENCIDA (hasta 2026-08-31, corrida 2026-09-30, 30 d después) · parámetro declarado por la corrida","value_per_m2=5200000 · rango=[4500000, 6000000] · source_date=Q2-2026",MANUAL_CONFIG,fuente_declarada=None · valor_declarado_en=valor_suelo_por_sector.Riomar.valor_central_m2 · effective_from=2026-05-08 · effective_to=2026-08-31,c45b1fefc6eac8e089a1bcc6381f1a56cd700f7bdd09e955346d6398b4de9586,NO
lonja_market_baq_v1.json · sector Villa_Country,LEVEL_5_STATIC_REFERENCE,"SOURCE_UNAVAILABLE · VENCIDA (hasta 2026-08-31, corrida 2026-09-30, 30 d después) · parámetro declarado por la corrida","value_per_m2=4800000 · rango=[4200000, 5500000] · source_date=Q2-2026",MANUAL_CONFIG,fuente_declarada=None · valor_declarado_en=valor_suelo_por_sector.Villa_Country.valor_central_m2 · effective_from=2026-05-08 · effective_to=2026-08-31,c45b1fefc6eac8e089a1bcc6381f1a56cd700f7bdd09e955346d6398b4de9586,NO
lonja_market_baq_v1.json · sector Alto_Prado,LEVEL_5_STATIC_REFERENCE,"SOURCE_UNAVAILABLE · VENCIDA (hasta 2026-08-31, corrida 2026-09-30, 30 d después) · parámetro declarado por la corrida","value_per_m2=5500000 · rango=[4800000, 6200000] · source_date=Q2-2026",MANUAL_CONFIG,fuente_declarada=None · valor_declarado_en=valor_suelo_por_sector.Alto_Prado.valor_central_m2 · effective_from=2026-05-08 · effective_to=2026-08-31,c45b1fefc6eac8e089a1bcc6381f1a56cd700f7bdd09e955346d6398b4de9586,NO
MARKET_CONTEXT_040-646406.json (auditoría de la tasa de la corrida),LEVEL_5_STATIC_REFERENCE,SIN_FUENTE_DE_MERCADO · origen no habilitante,market_rate.value=6800000 · authorized_for_valuation=False,MANUAL_CONFIG,etiqueta_honesta_producto=parámetros declarados por la corrida,b6554cd60f4747ebde3fc8b9681f0466f115b74a9eb357bc6b4b4649ffaafd9f,NO
VALUATION_GATE_040-646406.json (compuerta de valoración),LEVEL_5_STATIC_REFERENCE,CLOSED · NO EMITIR VALORACIÓN,consolidado=0 · value_m2=null,MANUAL_CONFIG,"reason=La valoración NO está autorizada en esta corrida: el origen de la tasa es MANUAL_CONFIG y su procedencia es INSUFICIENTE para autorizar una cifra (se exige fuente externa citada o cálculo de fuentes citadas, con fecha y sha256). No se emite cifra y se declaran los bloqueos reales.",015c944364c17fe327a612d5ed29a192b2a936967fecdd9a7fb97bea40a1f541,NO
SOURCE_COVERAGE_MATRIX_040-646406.csv · fila 18-mercado,LEVEL_5_STATIC_REFERENCE,SOURCE_UNAVAILABLE · SIN FUENTE DE MERCADO,(sin valor: parámetros declarados por la corrida),MANUAL_CONFIG,source=SIN_FUENTE (parámetros declarados por la corrida) · es_fuente_de_datos=false,ca1264b638020f47dc4b0e5692583a0573cd709fd01d86460ac74e67c3bb0cf5,NO
SOURCE_ACQUISITION_MATRIX_040-646406.csv · dominio mercado,LEVEL_5_STATIC_REFERENCE,NOT_SUPPORTED · AUSENCIA_DECLARADA,(sin valor),NO_SOURCE,source_id=LONJA_MARKET_BAQ · product_role=CORE_MARKET · la fuente declarada NO está en el registro vigente del pack,441f4007c6e166e69cc51467d9c654d91d351f5517cb8961f8fe84c94c14b252,NO
GEOPORTAL_MUNICIPAL BARRANQUILLA · observatorio/areaconstruida (Área construida),LEVEL_3_AGGREGATED_MARKET_REFERENCES,"NOT_HARVESTED_METADATA_ONLY · descubierto en el pack, NUNCA consultado",(sin valor: solo metadata de servicio),(sin origen declarado: no se consultó),url=https://miciudad.barranquilla.gov.co/gis/rest/services/observatorio/areaconstruida/MapServer?f=json · capas=Área construida. Vigencia 2026. · fetched_at_utc=2026-09-29T15:45:09.465499+00:00 · cache=docs\source_pack\raw\golden\_raw_cache\0d46ec8709f79527_-gis-rest-services-observatorio-areaconstruida-MapServer.json,a20ee1bddd77a9bcf05aad4ffdcdd3b40330d5b13576be5d3a343d5ee37dc4a2,NO
GEOPORTAL_MUNICIPAL BARRANQUILLA · observatorio/arrendamientos (Arrendamientos),LEVEL_3_AGGREGATED_MARKET_REFERENCES,"NOT_HARVESTED_METADATA_ONLY · descubierto en el pack, NUNCA consultado",(sin valor: solo metadata de servicio),(sin origen declarado: no se consultó),url=https://miciudad.barranquilla.gov.co/gis/rest/services/observatorio/arrendamientos/MapServer?f=json · capas=Valor arrendamientos. Año 2024. · fetched_at_utc=2026-09-29T15:46:26.243546+00:00 · cache=docs\source_pack\raw\golden\_raw_cache\7a64d901c76a4895_-gis-rest-services-observatorio-arrendamientos-MapServer.json,ad26dc0c733bb6b50cc8fedfdf100654c0aa43936843ad3b482f869a9c3872c8,NO
GEOPORTAL_MUNICIPAL BARRANQUILLA · observatorio/avaluocatastral (Avalúo catastral),LEVEL_3_AGGREGATED_MARKET_REFERENCES,"NOT_HARVESTED_METADATA_ONLY · descubierto en el pack, NUNCA consultado",(sin valor: solo metadata de servicio),(sin origen declarado: no se consultó),url=https://miciudad.barranquilla.gov.co/gis/rest/services/observatorio/avaluocatastral/MapServer?f=json · capas=Avalúo catastral por destino económico. Vigencia 2026. · fetched_at_utc=2026-09-29T15:36:46.783832+00:00 · cache=docs\source_pack\raw\golden\_raw_cache\e44f235d827bc8f3_-gis-rest-services-observatorio-avaluocatastral-MapServer.json,4a366475a25c69ff695fb56f0ec5c24465ff9700e362727c98ab6218c756bd93,NO
GEOPORTAL_MUNICIPAL BARRANQUILLA · observatorio/cantidadtransacciones (Cantidad de transacciones),LEVEL_3_AGGREGATED_MARKET_REFERENCES,"NOT_HARVESTED_METADATA_ONLY · descubierto en el pack, NUNCA consultado",(sin valor: solo metadata de servicio),(sin origen declarado: no se consultó),url=https://miciudad.barranquilla.gov.co/gis/rest/services/observatorio/cantidadtransacciones/MapServer/8?f=json · capas=Cantidad de transacciones por manzana. Año 2019. | Cantidad de transacciones por manzana. Año 2020. | Cantidad de transacciones por manzana. Año 2021. | Cantidad de transacciones por manzana. Año 2022. | Cantidad de transacciones por manzana. Año 2023. | Cantidad de transacciones por manzana. Año 2024. | Cantidad de transacciones por manzana. Año 2025. | Cantidad de transacciones por manzana. Año 2026. · fetched_at_utc=2026-09-29T16:03:40.636424+00:00 · cache=docs\source_pack\raw\golden\_raw_cache\518b9ab1739dc691_-gis-rest-services-observatorio-cantidadtransacciones-MapServer-8.json,64f366fe659c7222fe5932ebb7f32daa86a5274b0228e2a2c3991db691a6e4dc,NO
GEOPORTAL_MUNICIPAL BARRANQUILLA · observatorio/destinotransacciones (Destino económico predominante por transacciones),LEVEL_3_AGGREGATED_MARKET_REFERENCES,"NOT_HARVESTED_METADATA_ONLY · descubierto en el pack, NUNCA consultado",(sin valor: solo metadata de servicio),(sin origen declarado: no se consultó),url=https://miciudad.barranquilla.gov.co/gis/rest/services/observatorio/destinotransacciones/MapServer?f=json · capas=Destinos predominantes de las transacciones. Año 2019. | Destinos predominantes de las transacciones. Año 2020. | Destinos predominantes de las transacciones. Año 2021. | Destinos predominantes de las transacciones. Año 2022. | Destinos predominantes de las transacciones. Año 2023. | Destinos predominantes de las transacciones. Año 2024. | Destinos predominantes de las transacciones. Año 2025. · fetched_at_utc=2026-09-29T15:46:12.167019+00:00 · cache=docs\source_pack\raw\golden\_raw_cache\31a5b28cd5c92f01_-gis-rest-services-observatorio-destinotransacciones-MapServer.json,519346c51aeb9914db2fca2dbb0935caa8d89c4ed674feb9854d9d798d326f0a,NO
GEOPORTAL_MUNICIPAL BARRANQUILLA · observatorio/dinamicatransacciones (Dinámica de transacciones inmobiliarias),LEVEL_3_AGGREGATED_MARKET_REFERENCES,"NOT_HARVESTED_METADATA_ONLY · descubierto en el pack, NUNCA consultado",(sin valor: solo metadata de servicio),(sin origen declarado: no se consultó),url=https://miciudad.barranquilla.gov.co/gis/rest/services/observatorio/dinamicatransacciones/MapServer?f=json · capas=Densidad de compraventas. Año 2019. | Densidad de compraventas. Año 2020. | Densidad de compraventas. Año 2021. | Densidad de compraventas. Año 2022. | Densidad de compraventas. Año 2023. | Densidad de compraventas. Año 2024. | Densidad de compraventas. Año 2025. · fetched_at_utc=2026-09-29T16:00:34.906635+00:00 · cache=docs\source_pack\raw\golden\_raw_cache\731d25f518b0cbff_-gis-rest-services-observatorio-dinamicatransacciones-MapServer.json,49a43e3728552f2143b8f6fbc89239ae9f5f73a5364001d9d152730a22fdbf67,NO
GEOPORTAL_MUNICIPAL BARRANQUILLA · observatorio/mecanismosfianaciacion (Mecanismos financiación inmobiliaria),LEVEL_3_AGGREGATED_MARKET_REFERENCES,"NOT_HARVESTED_METADATA_ONLY · descubierto en el pack, NUNCA consultado",(sin valor: solo metadata de servicio),(sin origen declarado: no se consultó),url=https://miciudad.barranquilla.gov.co/gis/rest/services/observatorio/mecanismosfianaciacion/MapServer?f=json · capas=Leasing · fetched_at_utc=2026-09-29T15:38:57.222069+00:00 · cache=docs\source_pack\raw\golden\_raw_cache\027dc6f3bb89bd69_-gis-rest-services-observatorio-mecanismosfianaciacion-MapServer.json,7687cca1617644d8215e149f64d3dbf4edf08389a2efefb3d5ed022d585618a0,NO
GEOPORTAL_MUNICIPAL BARRANQUILLA · observatorio/valorcompraventas (Valor de las compraventas),LEVEL_3_AGGREGATED_MARKET_REFERENCES,"NOT_HARVESTED_METADATA_ONLY · descubierto en el pack, NUNCA consultado",(sin valor: solo metadata de servicio),(sin origen declarado: no se consultó),url=https://miciudad.barranquilla.gov.co/gis/rest/services/observatorio/valorcompraventas/MapServer/4?f=json · capas=Valor compraventas 2019 | Valor compraventas 2020 | Valor compraventas 2021 | Valor compraventas 2022 | Valor compraventas 2023 | Valor compraventas 2024 | Valor compraventas 2025 · fetched_at_utc=2026-09-29T16:00:38.185837+00:00 · cache=docs\source_pack\raw\golden\_raw_cache\4b18a9e9a0f60b47_-gis-rest-services-observatorio-valorcompraventas-MapServer-4.json,bb1e0a3061df5a8bda6f078b24b12aad7b503e63fed49d54f5cd04f2f952bdf9,NO
GEOPORTAL_MUNICIPAL BARRANQUILLA · observatorio/valoresm2_area (Rango valores m² por área. Año 2026.),LEVEL_3_AGGREGATED_MARKET_REFERENCES,"NOT_HARVESTED_METADATA_ONLY · descubierto en el pack, NUNCA consultado",(sin valor: solo metadata de servicio),(sin origen declarado: no se consultó),url=https://miciudad.barranquilla.gov.co/gis/rest/services/observatorio/valoresm2_area/MapServer?f=json · capas=Rango valores por m². Área (36-60m²). | Rango valores por m². Área (61-175m²). | Rango valores por m². Área (176-290m²) | Rango valores por m². Área (>291m²) · fetched_at_utc=2026-09-29T15:49:32.905611+00:00 · cache=docs\source_pack\raw\golden\_raw_cache\840317bbeb5ffe92_-gis-rest-services-observatorio-valoresm2-area-MapServer.json,4ed92a3e63797413e488b0061637c7bc94a10c2b7f6d781c949d14b93bb633c3,NO
GEOPORTAL_MUNICIPAL BARRANQUILLA · observatorio/valorsuelorural (Valor por hectárea del suelo rural),LEVEL_3_AGGREGATED_MARKET_REFERENCES,"NOT_HARVESTED_METADATA_ONLY · descubierto en el pack, NUNCA consultado",(sin valor: solo metadata de servicio),(sin origen declarado: no se consultó),url=https://miciudad.barranquilla.gov.co/gis/rest/services/observatorio/valorsuelorural/MapServer?f=json · capas=Valor por hectárea del suelo rural. Vigencia 2019. | Valor por hectárea del suelo rural. Vigencia 2023. | Valor por hectárea del suelo rural. Vigencia 2025. | Valor por hectárea del suelo rural. Vigencia 2026. · fetched_at_utc=2026-09-29T15:21:20.194403+00:00 · cache=docs\source_pack\raw\golden\_raw_cache\31507fe66d8fa848_-gis-rest-services-observatorio-valorsuelorural-MapServer.json,6ca8d9d72dd6f0a30a96493312bee7b4527844b9be53ad1b7bb8fe2197ef8739,NO
GEOPORTAL_MUNICIPAL BARRANQUILLA · observatorio/valorsuelourbano (Valor metro cuadrado del suelo urbano),LEVEL_3_AGGREGATED_MARKET_REFERENCES,"NOT_HARVESTED_METADATA_ONLY · descubierto en el pack, NUNCA consultado",(sin valor: solo metadata de servicio),(sin origen declarado: no se consultó),url=https://miciudad.barranquilla.gov.co/gis/rest/services/observatorio/valorsuelourbano/MapServer?f=json · capas=Valor del metro cuadrado del suelo urbano. Vigencia 2022. | Valor del metro cuadrado del suelo urbano. Vigencia 2023. | Valor del metro cuadrado del suelo urbano. Vigencia 2024. | Valor del metro cuadrado del suelo urbano. Vigencia 2025. | Valor del metro cuadrado del suelo urbano. Vigencia 2026. · fetched_at_utc=2026-09-29T15:54:15.402922+00:00 · cache=docs\source_pack\raw\golden\_raw_cache\b347cb3d00b28d7c_-gis-rest-services-observatorio-valorsuelourbano-MapServer.json,d90cd67616ca3327f12e69710a626f0435ae7a29549f31a015d62c2677dcbef5,NO
