"attribute","source_value","resolved_value","runstate_value","document_model_value","pdf_value","source_status","resolution_status","runstate_status","pdf_status","loss_stage","consistent","reason"
"fmi","040-646406 (CATASTRO_BAQ_PREDIO)","040-646406","attribute_resolution.attributes.fmi.canonical_value = '040-646406'","hechos_impresos / secciones · estado = VERIFICADO","040-646406 (P1, P4, P5, P6)","AVAILABLE, NOT_RUN","RESOLVED_FALLBACK","VERIFIED (fact_status persistido)","VERIFICADO","NINGUNA","SI","La fuente primaria del atributo no aportó valor utilizable: se resolvió con el siguiente escalón autorizado (CATASTRO_BAQ_PREDIO). Fuentes intentadas antes: CATASTRO_BAQ_ADOPCION_ANEXO1."
"matricula","040-646406 (CATASTRO_BAQ_PREDIO)","040-646406","attribute_resolution.attributes.matricula.canonical_value = '040-646406'","hechos_impresos / secciones · estado = VERIFICADO","040-646406 (P1, P4, P5, P6)","AVAILABLE, NOT_RUN","RESOLVED_FALLBACK","VERIFIED (fact_status persistido)","VERIFICADO","NINGUNA","SI","La fuente primaria del atributo no aportó valor utilizable: se resolvió con el siguiente escalón autorizado (CATASTRO_BAQ_PREDIO). Fuentes intentadas antes: CATASTRO_BAQ_ADOPCION_ANEXO1."
"nupre","AFT0005BOHA (CATASTRO_BAQ_PREDIO)","AFT0005BOHA","attribute_resolution.attributes.nupre.canonical_value = 'AFT0005BOHA'","hechos_impresos / secciones · estado = VERIFICADO","AFT0005BOHA (P6)","AVAILABLE, NOT_RUN","RESOLVED_FALLBACK","VERIFIED (fact_status persistido)","VERIFICADO","NINGUNA","SI","La fuente primaria del atributo no aportó valor utilizable: se resolvió con el siguiente escalón autorizado (CATASTRO_BAQ_PREDIO). Fuentes intentadas antes: CATASTRO_BAQ_ADOPCION_ANEXO1."
"numero_predial","080010103000010040001908040002 (CATASTRO_BAQ_PREDIO)","080010103000010040001908040002","attribute_resolution.attributes.numero_predial.canonical_value = '080010103000010040001908040002'","hechos_impresos / secciones · estado = VERIFICADO","080010103000010040001908040002 (P6)","AVAILABLE, NOT_RUN","RESOLVED_FALLBACK","VERIFIED (fact_status persistido)","VERIFICADO","NINGUNA","SI","La fuente primaria del atributo no aportó valor utilizable: se resolvió con el siguiente escalón autorizado (CATASTRO_BAQ_PREDIO). Fuentes intentadas antes: CATASTRO_BAQ_ADOPCION_ANEXO1."
"direccion","TV 43 # 100 - 50 CONJUNTO RESIDENCIAL NAPOLI APARTAMENTOS ETAPA 3 APARTAMENTO 430 TORRE 8 ETAPA 3 (CATASTRO_BAQ_DIRECCION)","TV 43 # 100 - 50 CONJUNTO RESIDENCIAL NAPOLI APARTAMENTOS ETAPA 3 APARTAMENTO 430 TORRE 8 ETAPA 3","attribute_resolution.attributes.direccion.canonical_value = 'TV 43 # 100 - 50 CONJUNTO RESIDENCIAL NAPOLI APARTAMENTOS ETAPA 3 APARTAMENTO 430 TORRE 8 ETAPA 3'","hechos_impresos / secciones · estado = VERIFICADO","TV 43 # 100 - 50 CONJUNTO RESIDENCIAL NAPOLI APARTAMENTOS ETAPA 3 APARTAMENTO 430 TORRE 8 ETAPA 3 (P1)","AVAILABLE, NOT_RUN","RESOLVED_PRIMARY","VERIFIED (fact_status persistido)","VERIFICADO","NINGUNA","SI","Resuelto por la fuente de mayor autoridad y vigencia declarada para el atributo (CATASTRO_BAQ_DIRECCION)."
"unidad","APARTAMENTO 430 TORRE 8 (resolución canónica de identidad de la corrida (torre/apartamento de la nomenclatura oficial) + CTL)","APARTAMENTO 430 TORRE 8","attribute_resolution.attributes.unidad.canonical_value = 'APARTAMENTO 430 TORRE 8'","hechos_impresos / secciones · estado = REQUIERE VALIDACIÓN","APARTAMENTO 430 TORRE 8 (P1, P6)","","NOT_SUPPORTED","KNOWN_BUT_UNVERIFIED (fact_status persistido)","REQUIERE VALIDACIÓN","RESOLUTION_FAILURE","SI","El Source Pack NO declara escalón de resolución para este atributo (`COBERTURA_ATRIBUTOS`): la cobertura es INEXISTENTE para él. La corrida cita como fuente: resolución canónica de identidad de la corrida (torre/apartamento de la nomenclatura oficial) + CTL. No es NO_MATCH (no hubo consulta que contestara), no es un conflicto y NO se declara `NOT_EVALUATED` como cajón general: se declara la cobert"
"regimen_juridico","Propiedad Horizontal (CTL adjunto (SNR) + clasificación del régimen de la corrida)","Propiedad Horizontal","attribute_resolution.attributes.regimen_juridico.canonical_value = 'Propiedad Horizontal'","hechos_impresos / secciones · estado = REQUIERE VALIDACIÓN","Propiedad Horizontal (P1, P6)","","NOT_SUPPORTED","KNOWN_BUT_UNVERIFIED (fact_status persistido)","REQUIERE VALIDACIÓN","RESOLUTION_FAILURE","SI","El Source Pack NO declara escalón de resolución para este atributo (`COBERTURA_ATRIBUTOS`): la cobertura es INEXISTENTE para él. La corrida cita como fuente: CTL adjunto (SNR) + clasificación del régimen de la corrida. No es NO_MATCH (no hubo consulta que contestara), no es un conflicto y NO se declara `NOT_EVALUATED` como cajón general: se declara la cobertura que falta y, si el valor existe, que"
"property_type","URBANO (tipo de predio declarado por el CTL (SNR))","URBANO","attribute_resolution.attributes.property_type.canonical_value = 'URBANO'","hechos_impresos / secciones · estado = REQUIERE VALIDACIÓN","URBANO (P5)","","NOT_SUPPORTED","KNOWN_BUT_UNVERIFIED (fact_status persistido)","REQUIERE VALIDACIÓN","RESOLUTION_FAILURE","SI","El Source Pack NO declara escalón de resolución para este atributo (`COBERTURA_ATRIBUTOS`): la cobertura es INEXISTENTE para él. La corrida cita como fuente: tipo de predio declarado por el CTL (SNR). No es NO_MATCH (no hubo consulta que contestara), no es un conflicto y NO se declara `NOT_EVALUATED` como cajón general: se declara la cobertura que falta y, si el valor existe, queda como hecho CONO"
"area","58.75 (entrada del caso (área del CTL))","58.75","attribute_resolution.attributes.area.canonical_value = 58.75","hechos_impresos / secciones · estado = REQUIERE VALIDACIÓN","58.75 (P1, P6)","","NOT_SUPPORTED","KNOWN_BUT_UNVERIFIED (fact_status persistido)","REQUIERE VALIDACIÓN","RESOLUTION_FAILURE","SI","El Source Pack NO declara escalón de resolución para este atributo (`COBERTURA_ATRIBUTOS`): la cobertura es INEXISTENTE para él. La corrida cita como fuente: entrada del caso (área del CTL). No es NO_MATCH (no hubo consulta que contestara), no es un conflicto y NO se declara `NOT_EVALUATED` como cajón general: se declara la cobertura que falta y, si el valor existe, queda como hecho CONOCIDO y NO "
"barrio","Miramar (POT_BAQ_BARRIOS)","Miramar","attribute_resolution.attributes.barrio.canonical_value = 'Miramar'","hechos_impresos / secciones · estado = VERIFICADO","Miramar (P1, P4, P5)","AVAILABLE","RESOLVED_PRIMARY","VERIFIED (fact_status persistido)","VERIFICADO","NINGUNA","SI","Resuelto por la fuente de mayor autoridad y vigencia declarada para el atributo (POT_BAQ_BARRIOS)."
"localidad","02 (POT_BAQ_LOCALIDADES)","02","attribute_resolution.attributes.localidad.canonical_value = '02'","hechos_impresos / secciones · estado = VERIFICADO","02 (P1, P4, P5, P6)","AVAILABLE, NOT_RUN","RESOLVED_PRIMARY","VERIFIED (fact_status persistido)","VERIFICADO","NINGUNA","SI","Resuelto por la fuente de mayor autoridad y vigencia declarada para el atributo (POT_BAQ_LOCALIDADES)."
"estrato","4 (POT_BAQ_ESTRATIFICACION)","4","attribute_resolution.attributes.estrato.canonical_value = '4'","hechos_impresos / secciones · estado = VERIFICADO","4 (P1, P4, P5, P6)","AVAILABLE, NOT_RUN","RESOLVED_FALLBACK","VERIFIED (fact_status persistido)","VERIFICADO","NINGUNA","SI","La fuente primaria del atributo no aportó valor utilizable: se resolvió con el siguiente escalón autorizado (POT_BAQ_ESTRATIFICACION). Fuentes intentadas antes: CATASTRO_BAQ_PREDIO."
"destino_economico","Habitacional (CATASTRO_BAQ_DESTINO_ECONOMICO)","Habitacional","attribute_resolution.attributes.destino_economico.canonical_value = 'Habitacional'","hechos_impresos / secciones · estado = VERIFICADO","Habitacional (P1, P4, P6)","AVAILABLE, NOT_RUN","RESOLVED_PRIMARY","VERIFIED (fact_status persistido)","VERIFICADO","NINGUNA","SI","Resuelto por la fuente de mayor autoridad y vigencia declarada para el atributo (CATASTRO_BAQ_DESTINO_ECONOMICO)."
"uso_pot","","","attribute_resolution.attributes.uso_pot.canonical_value = None","hechos_impresos / secciones · estado = FUENTE NO DISPONIBLE","NO IMPRESO","NOT_SUPPORTED","SOURCE_UNAVAILABLE","SOURCE_UNAVAILABLE (fact_status persistido)","FUENTE NO DISPONIBLE","ACQUISITION_FAILURE","NO APLICA (sin valor canónico: se declara el estado)","No se ejecutó ninguna consulta para las fuentes del atributo: no puede afirmarse nada sobre el dato. Se declara SOURCE_UNAVAILABLE (nunca NO_MATCH)."
"tratamiento","Consolidacion (POT_BAQ_TRATAMIENTO)","Consolidacion","attribute_resolution.attributes.tratamiento.canonical_value = 'Consolidacion'","hechos_impresos / secciones · estado = REQUIERE VALIDACIÓN","Consolidacion (P4)","AVAILABLE","RESOLVED_PRIMARY","KNOWN_BUT_UNVERIFIED (fact_status persistido)","REQUIERE VALIDACIÓN","NINGUNA (degradación declarada)","SI","El expediente declara una DIFERENCIA MATERIAL entre versiones del mismo inmueble (HISTORICAL_CHANGE: las dos versiones evaluaron PUNTOS DISTINTOS (144.7 m): el cambio es CASCADA del cambio de geometría, no un defecto independiente del atributo (contarlo aparte duplicaría un solo defecto)) y la revisión está abierta: el valor está resuelto con fuente declarada, pero no se imprime como verificado. R"
"altura_normativa","11 (POT_BAQ_EDIFICABILIDAD)","11","attribute_resolution.attributes.altura_normativa.canonical_value = '11'","hechos_impresos / secciones · estado = NO UTILIZAR ESTE DATO COMO DEFINITIVO","Hasta 11 pisos (P4)","AVAILABLE","RESOLVED_SNAPSHOT","CONFLICT (fact_status persistido)","NO UTILIZAR ESTE DATO COMO DEFINITIVO","RESOLUTION_FAILURE","SI","Resuelto por la fuente de mayor autoridad y vigencia declarada para el atributo (POT_BAQ_EDIFICABILIDAD). las siete condiciones se cumplen: mismo atributo, misma semántica, mismo objeto, vigencia y autoridad comparables, valores INCOMPATIBLES (valores distintos sin solape declarado) y ninguna regla de precedencia que los resuelva"
"clase_suelo","","","attribute_resolution.attributes.clase_suelo.canonical_value = None","hechos_impresos / secciones · estado = REQUIERE VALIDACIÓN","NO IMPRESO","","NOT_SUPPORTED","HISTORICAL_ONLY (fact_status persistido)","REQUIERE VALIDACIÓN","RESOLUTION_FAILURE","NO APLICA (sin valor canónico: se declara el estado)","El Source Pack NO declara escalón de resolución para este atributo (`COBERTURA_ATRIBUTOS`): la cobertura es INEXISTENTE para él. La corrida cita como fuente: clase de suelo declarada por versiones anteriores del expediente (no se adopta como vigente). No es NO_MATCH (no hubo consulta que contestara), no es un conflicto y NO se declara `NOT_EVALUATED` como cajón general: se declara la cobertura que"
"coordenada","{'lat': 11.006055954316363, 'lon': -74.8375696549899} (sin fuente del pack)","{'lat': 11.006055954316363, 'lon': -74.8375696549899}","attribute_resolution.attributes.coordenada.canonical_value = {'lat': 11.006055954316363, 'lon': -74.8375696549899}","hechos_impresos / secciones · estado = NO UTILIZAR ESTE DATO COMO DEFINITIVO","11.00606, -74.83757 (P4, P5)","","NOT_SUPPORTED","CONFLICT (fact_status persistido)","NO UTILIZAR ESTE DATO COMO DEFINITIVO","RESOLUTION_FAILURE","SI","El Source Pack NO declara escalón de resolución para este atributo (`COBERTURA_ATRIBUTOS`): la cobertura es INEXISTENTE para él. No es NO_MATCH (no hubo consulta que contestara), no es un conflicto y NO se declara `NOT_EVALUATED` como cajón general: se declara la cobertura que falta y, si el valor existe, queda como hecho CONOCIDO y NO VERIFICADO (el valor nunca se borra). las siete condiciones se"
"binding_geometria","Binding de la identidad canónica del predio (NO es la geometría del predio: el alcance declarado es el de IDENTIFICADORES) (OFFICIAL_PREDIO)","Binding de la identidad canónica del predio (NO es la geometría del predio: el alcance declarado es el de IDENTIFICADORES)","attribute_resolution.attributes.binding_geometria.canonical_value = 'Binding de la identidad canónica del predio (NO es la geometría del predio: el alcance declarado es el de IDENTIFICADORES)'","hechos_impresos / secciones · estado = REQUIERE VALIDACIÓN","Binding de la identidad canónica del predio (NO es la geometría del predio: el alcance declarado es el de IDENTIFICADORES) (P6)","","UNRESOLVED","KNOWN_BUT_UNVERIFIED (fact_status persistido)","REQUIERE VALIDACIÓN","NINGUNA (degradación declarada)","SI","Geometría oficial del PREDIO (lote/edificio): NO acredita la posición del apartamento dentro de la edificación. Fuente: OFFICIAL_PREDIO. El binding acreditado compara solo CADENAS de identificadores (nupre, numero_predial); su alcance declarado es `NATIONAL_IDENTIFIERS`. Un binding de identificadores NO acredita que esta geometría sea la del predio: por eso NO se rotula como binding de geometría. "
"remocion","Media · polígono: intersecta el predio (POT_BAQ_REMOCION_2024)","Media · polígono: intersecta el predio","attribute_resolution.attributes.remocion.canonical_value = 'Media · polígono: intersecta el predio'","hechos_impresos / secciones · estado = REQUIERE VALIDACIÓN","Media · polígono: intersecta el predio (P1, P4)","AVAILABLE, NOT_SUPPORTED","RESOLVED_SNAPSHOT","KNOWN_BUT_UNVERIFIED (fact_status persistido)","REQUIERE VALIDACIÓN","NINGUNA (degradación declarada)","SI","El expediente declara una DIFERENCIA MATERIAL entre versiones del mismo inmueble (RESOLVED_BY_PRECEDENCE: el producto declara y aplica una regla de precedencia para este atributo: api/geospatial_engine.py::_clave — se elige la coincidencia de MAYOR severidad y, a igualdad, la de MENOR área (el predio cae en varios polígonos de la misma capa: uno de fondo y uno local)) y la revisión está abierta: e"
"riesgo","Medio · polígono: intersecta el predio (POT_BAQ_RIESGO_2024)","Medio · polígono: intersecta el predio","attribute_resolution.attributes.riesgo.canonical_value = 'Medio · polígono: intersecta el predio'","hechos_impresos / secciones · estado = VERIFICADO","Medio · polígono: intersecta el predio (P4)","AVAILABLE, NOT_SUPPORTED","RESOLVED_SNAPSHOT","VERIFIED (fact_status persistido)","VERIFICADO","NINGUNA","SI","Resuelto por la fuente de mayor autoridad y vigencia declarada para el atributo (POT_BAQ_RIESGO_2024)."
"inundacion","","","attribute_resolution.attributes.inundacion.canonical_value = None","hechos_impresos / secciones · estado = FUENTE NO DISPONIBLE","NO IMPRESO","NOT_SUPPORTED","SOURCE_UNAVAILABLE","SOURCE_UNAVAILABLE (fact_status persistido)","FUENTE NO DISPONIBLE","ACQUISITION_FAILURE","NO APLICA (sin valor canónico: se declara el estado)","No se ejecutó ninguna consulta para las fuentes del atributo: no puede afirmarse nada sobre el dato. Se declara SOURCE_UNAVAILABLE (nunca NO_MATCH)."
"riesgo_no_mitigable","","","attribute_resolution.attributes.riesgo_no_mitigable.canonical_value = None","hechos_impresos / secciones · estado = COBERTURA NO SOPORTADA","NO IMPRESO","","NOT_SUPPORTED","NOT_SUPPORTED (fact_status persistido)","COBERTURA NO SOPORTADA","RESOLUTION_FAILURE","NO APLICA (sin valor canónico: se declara el estado)","El Source Pack NO declara escalón de resolución para este atributo (`COBERTURA_ATRIBUTOS`): la cobertura es INEXISTENTE para él. No es NO_MATCH (no hubo consulta que contestara), no es un conflicto y NO se declara `NOT_EVALUATED` como cajón general: se declara la cobertura que falta y, si el valor existe, queda como hecho CONOCIDO y NO VERIFICADO (el valor nunca se borra)."
