row,source,status,value_or_result,authority,provenance,hash
01-identidad,CATASTRO_BAQ_ADOPCION_ANEXO1,AVAILABLE,"{""fuente"": ""Anexo 1 - Adopción Catastral Barranquilla"", ""identificadores_aportados"": {""codigo_homologado"": ""AFT0005BOHA"", ""fmi"": ""646406"", ""numero_predial"": ""080010103000010040001908040002""}, ""identificadores_usados"": [""codigo_homologado"", ""fmi"", ""numero_predial""], ""identity_verified"": true, ""match_status"": ""EXACT_3"", ""registro"": {""area_terreno"": null, ""codigo_homologado"": ""AFT0005BOHA"", ""codigo_registral"": ""040"", ""direccion"": ""Transversal 43 100 50 TO 8 AP 430"", ""fmi"": ""646406"", ""numero_predial"": ""080010103000010040001908040002""}, ""resolucion"": ""GGCD 003 de 2025-03-07""}",AUTHORITATIVE_OFFICIAL,"CATASTRO_BAQ_ADOPCION_ANEXO1 | local:registro de adopción (coincidencia EXACTA EXACT_3) | precedence=CURRENT_OFFICIAL | licencia=Certificado de Tradición y Libertad (SNR) y anexo de adopción catastral: documentos oficiales aportados por el usuario; se conserva copia normalizada con hash, no el original completo. | ok",d60b48dafaf2ab07b2a020bbb4406c2c0cc329e971d1301eef60fb133af799be
02-direccion,CATASTRO_BAQ_DIRECCION,SOURCE_UNAVAILABLE,SOURCE_UNAVAILABLE: Servicio no disponible en la ventana de la corrida (srv_unavailable: modo offline solicitado (--offline): el servicio no fue consultado en esta corrida). [direccion],AUTHORITATIVE_OFFICIAL,CATASTRO_BAQ_DIRECCION | live:query por punto (capa 105) | precedence=CURRENT_OFFICIAL | licencia=Datos abiertos de la Alcaldía Distrital de Barranquilla (geoportal miciudad.barranquilla.gov.co). Uso permitido con atribución a la fuente oficial. Los términos específicos no se publican junto al servicio (provider_terms_status=UNVERIFIED). | Servicio no disponible en la ventana de la corrida (srv_unavailable: modo offline solicitado (--offline): el servicio no fue consultado en esta corrida).,f0fc1610125033e49905630590604fedb74bd942f295a7a8842bdfd56fd7c907
03-predio,CATASTRO_BAQ_PREDIO,SOURCE_UNAVAILABLE,SOURCE_UNAVAILABLE: Servicio no disponible en la ventana de la corrida (srv_unavailable: modo offline solicitado (--offline): el servicio no fue consultado en esta corrida). [predio],AUTHORITATIVE_OFFICIAL,CATASTRO_BAQ_PREDIO | live:query por atributos EXACTOS (NUPRE/número predial) | precedence=CURRENT_OFFICIAL | licencia=Datos abiertos de la Alcaldía Distrital de Barranquilla (geoportal miciudad.barranquilla.gov.co). Uso permitido con atribución a la fuente oficial. Los términos específicos no se publican junto al servicio (provider_terms_status=UNVERIFIED). | Servicio no disponible en la ventana de la corrida (srv_unavailable: modo offline solicitado (--offline): el servicio no fue consultado en esta corrida).,36da9251340e783c2f4567fc42791fdad08287003c0fd1305b8281f6a0815242
04-construccion,CATASTRO_BAQ_CONSTRUCCION,SOURCE_UNAVAILABLE,SOURCE_UNAVAILABLE: Servicio no disponible en la ventana de la corrida (srv_unavailable: modo offline solicitado (--offline): el servicio no fue consultado en esta corrida). [construccion],AUTHORITATIVE_OFFICIAL,CATASTRO_BAQ_CONSTRUCCION | live:query por punto (capa 310) | precedence=CURRENT_OFFICIAL | licencia=Datos abiertos de la Alcaldía Distrital de Barranquilla (geoportal miciudad.barranquilla.gov.co). Uso permitido con atribución a la fuente oficial. Los términos específicos no se publican junto al servicio (provider_terms_status=UNVERIFIED). | Servicio no disponible en la ventana de la corrida (srv_unavailable: modo offline solicitado (--offline): el servicio no fue consultado en esta corrida).,402db2459c8cadd6d16f6e97ded9f021e0189debeb7c688b3d5e0cb305972e6e
05-barrio,POT_BAQ_BARRIOS,SOURCE_UNAVAILABLE,SOURCE_UNAVAILABLE: Servicio no disponible en la ventana de la corrida (srv_unavailable: modo offline solicitado (--offline): el servicio no fue consultado en esta corrida). [barrio],AUTHORITATIVE_OFFICIAL,POT_BAQ_BARRIOS | live:query por punto (unidades administrativas) | precedence=CURRENT_OFFICIAL | licencia=Datos abiertos de la Alcaldía Distrital de Barranquilla (geoportal miciudad.barranquilla.gov.co). Uso permitido con atribución a la fuente oficial. Los términos específicos no se publican junto al servicio (provider_terms_status=UNVERIFIED). | Servicio no disponible en la ventana de la corrida (srv_unavailable: modo offline solicitado (--offline): el servicio no fue consultado en esta corrida).,f3e20a003742d064a4e3e8c3073412437ef72b3952660c71eac85c332d05b456
06-localidad,POT_BAQ_LOCALIDADES,SOURCE_UNAVAILABLE,SOURCE_UNAVAILABLE: Servicio no disponible en la ventana de la corrida (srv_unavailable: modo offline solicitado (--offline): el servicio no fue consultado en esta corrida). [localidad],AUTHORITATIVE_OFFICIAL,POT_BAQ_LOCALIDADES | live:query por punto (campo localidad) | precedence=CURRENT_OFFICIAL | licencia=Datos abiertos de la Alcaldía Distrital de Barranquilla (geoportal miciudad.barranquilla.gov.co). Uso permitido con atribución a la fuente oficial. Los términos específicos no se publican junto al servicio (provider_terms_status=UNVERIFIED). | Servicio no disponible en la ventana de la corrida (srv_unavailable: modo offline solicitado (--offline): el servicio no fue consultado en esta corrida).,370ab87698293047d02b3dacf5f7a2efbb099a24673ecc30eaf0d0dc101ea2ef
07-destino,CATASTRO_BAQ_DESTINO_ECONOMICO,SOURCE_UNAVAILABLE,SOURCE_UNAVAILABLE: Servicio no disponible en la ventana de la corrida (srv_unavailable: modo offline solicitado (--offline): el servicio no fue consultado en esta corrida). [destino],AUTHORITATIVE_OFFICIAL,CATASTRO_BAQ_DESTINO_ECONOMICO | live:query por identificador del predio (anualidad 2026) | precedence=CURRENT_OFFICIAL | licencia=Datos abiertos de la Alcaldía Distrital de Barranquilla (geoportal miciudad.barranquilla.gov.co). Uso permitido con atribución a la fuente oficial. Los términos específicos no se publican junto al servicio (provider_terms_status=UNVERIFIED). | Servicio no disponible en la ventana de la corrida (srv_unavailable: modo offline solicitado (--offline): el servicio no fue consultado en esta corrida).,298cd89cddb0d6a21bcb818c03e86dd7b78fdefc112afd9277db53e270b84e39
08-uso_pot,POT_BAQ_POLIGONOS_USO,NOT_SUPPORTED,NOT_SUPPORTED: Fuente deshabilitada en el registro: su layer_id no pudo verificarse (ver notes de la fuente). [uso_pot],AUTHORITATIVE_OFFICIAL,POT_BAQ_POLIGONOS_USO | registro:fuente deshabilitada (layer_id sin verificar) | precedence=CURRENT_OFFICIAL | licencia=Datos abiertos de la Alcaldía Distrital de Barranquilla (geoportal miciudad.barranquilla.gov.co). Uso permitido con atribución a la fuente oficial. Los términos específicos no se publican junto al servicio (provider_terms_status=UNVERIFIED). | Fuente deshabilitada en el registro: su layer_id no pudo verificarse (ver notes de la fuente).,410b8f8904f12e9d097ee50d8e2852779e7fcfa7d4d27344725b86e7e821a42d
09-tratamiento,POT_BAQ_TRATAMIENTO,SOURCE_UNAVAILABLE,SOURCE_UNAVAILABLE: Servicio no disponible en la ventana de la corrida (srv_unavailable: modo offline solicitado (--offline): el servicio no fue consultado en esta corrida). [tratamiento],AUTHORITATIVE_OFFICIAL,"POT_BAQ_TRATAMIENTO | live:query por punto (planeación, tratamientos) | precedence=CURRENT_OFFICIAL | licencia=Datos abiertos de la Alcaldía Distrital de Barranquilla (geoportal miciudad.barranquilla.gov.co). Uso permitido con atribución a la fuente oficial. Los términos específicos no se publican junto al servicio (provider_terms_status=UNVERIFIED). | Servicio no disponible en la ventana de la corrida (srv_unavailable: modo offline solicitado (--offline): el servicio no fue consultado en esta corrida).",6437bf738e2abda59f4305d1975319680d5860bcd0a6670e8858328ff0664088
10-edificabilidad,POT_BAQ_EDIFICABILIDAD,SOURCE_UNAVAILABLE,SOURCE_UNAVAILABLE: Servicio no disponible en la ventana de la corrida (srv_unavailable: modo offline solicitado (--offline): el servicio no fue consultado en esta corrida). [edificabilidad],AUTHORITATIVE_OFFICIAL,POT_BAQ_EDIFICABILIDAD | live:query por punto (altura NORMATIVA en pisos) | precedence=CURRENT_OFFICIAL | licencia=Datos abiertos de la Alcaldía Distrital de Barranquilla (geoportal miciudad.barranquilla.gov.co). Uso permitido con atribución a la fuente oficial. Los términos específicos no se publican junto al servicio (provider_terms_status=UNVERIFIED). | Servicio no disponible en la ventana de la corrida (srv_unavailable: modo offline solicitado (--offline): el servicio no fue consultado en esta corrida).,7f12b2414e1182d8c6ddb7a99d68c9f96611991daec284b1de04bea97aac90ac
11-remocion,POT_BAQ_REMOCION_2024,AVAILABLE,"{""capa"": ""amenaza_remocion_masa.geojson"", ""nivel_por_poligono"": [""Media"", ""Baja""], ""nivel_reportado"": ""Media"", ""poligonos"": 2000, ""poligonos_coincidentes"": [{""clase_suelo"": ""01"", ""niveldeamenaza"": ""Media"", ""objectid"": 469}, {""clase_suelo"": ""01"", ""niveldeamenaza"": ""Baja"", ""objectid"": 1369}], ""regla"": ""se reporta el nivel MÁS ALTO y se listan TODOS los polígonos coincidentes: no se elige en silencio.""}",AUTHORITATIVE_OFFICIAL,POT_BAQ_REMOCION_2024 | fallback_local:api/data/amenaza_remocion_masa.geojson | precedence=CURRENT_NORMATIVE | licencia=Capa POT oficial empaquetada localmente como copia normalizada (GeoJSON) del servicio de la Alcaldía; datos abiertos con atribución a la fuente oficial. Hash del archivo declarado en el manifest. | 2 polígono(s) contienen el punto. · api/data/amenaza_remocion_masa.geojson; el servicio en vivo quedó declarado SOURCE_UNAVAILABLE (Servicio no disponible en la ventana de la corrida (srv_unavailable: modo offlin),1d2ad5ae801d28612cb6d572635040d4b9253b4d016000b0d4c127205ff35e83
12-inundacion,POT_BAQ_INUNDACION_2024,NOT_SUPPORTED,NOT_SUPPORTED: Fuente deshabilitada en el registro: su layer_id no pudo verificarse (ver notes de la fuente). [inundacion],AUTHORITATIVE_OFFICIAL,"POT_BAQ_INUNDACION_2024 | registro:fuente deshabilitada (layer_id sin verificar, sin copia empaquetada) | precedence=CURRENT_NORMATIVE | licencia=Datos abiertos de la Alcaldía Distrital de Barranquilla (geoportal miciudad.barranquilla.gov.co). Uso permitido con atribución a la fuente oficial. Los términos específicos no se publican junto al servicio (provider_terms_status=UNVERIFIED). | Fuente deshabilitada en el registro: su layer_id no pudo verificarse (ver notes de la fuente).",6705e0e466aa99110cc99ddf4955b373fa79aab7805b8580516fdc5e5a9ec5d4
13-riesgo,POT_BAQ_RIESGO_2024,AVAILABLE,"{""capa"": ""areas_en_riesgo.geojson"", ""nivel_por_poligono"": [""Medio""], ""nivel_reportado"": ""Medio"", ""poligonos"": 1306, ""poligonos_coincidentes"": [{""clasesuelo"": 1, ""nivelderiesgo"": ""Medio"", ""objectid"": 1124}], ""regla"": ""se reporta el nivel MÁS ALTO y se listan TODOS los polígonos coincidentes: no se elige en silencio.""}",AUTHORITATIVE_OFFICIAL,POT_BAQ_RIESGO_2024 | fallback_local:api/data/areas_en_riesgo.geojson | precedence=CURRENT_NORMATIVE | licencia=Capa POT oficial empaquetada localmente como copia normalizada (GeoJSON) del servicio de la Alcaldía; datos abiertos con atribución a la fuente oficial. Hash del archivo declarado en el manifest. | 1 polígono(s) contienen el punto. · api/data/areas_en_riesgo.geojson; el servicio en vivo quedó declarado SOURCE_UNAVAILABLE (Servicio no disponible en la ventana de la corrida (srv_unavailable: modo offlin),7c2869192652a93edf8b549e676c96c86e28a30b5d02a79097a608c9e50c3454
14-equipamiento_oficial,OFFICIAL_EQUIPMENT_CONTEXT,NOT_SUPPORTED,"NOT_SUPPORTED: Ninguna de las 9 capas de equipamiento oficial está habilitada: sus layer_id no se pudieron verificar (geoportal HTTP 403). El equipamiento que hoy reporta el dictamen proviene de un proveedor de mapas abierto y es CONTEXTO, no equipamiento oficial. [equipamiento_oficial] | {""capas"": {""EQUIPAMIENTO_18"": false, ""EQUIPAMIENTO_20"": false, ""EQUIPAMIENTO_21"": false, ""EQUIPAMIENTO_22"": false, ""EQUIPAMIENTO_23"": false, ""EQUIPAMIENTO_24"": false, ""EQUIPAMIENTO_25"": false, ""EQUIPAMIENTO_26"": false, ""EQUIPAMIENTO_27"": false}, ""habilitadas"": []}",AUTHORITATIVE_OFFICIAL,"OFFICIAL_EQUIPMENT_CONTEXT | conjunto:9 capas oficiales agregadas | fuente agregada: el detalle por capa está en el registro del pack | Ninguna de las 9 capas de equipamiento oficial está habilitada: sus layer_id no se pudieron verificar (geoportal HTTP 403). El equipamiento que hoy reporta el dictamen proviene de un proveedor de mapas abierto y es CONTEXTO, no equipamiento oficial.",d85b9ea49fafd8a27cd79453eb7e9daa4e9182a61a3ddf99a4870a3f1e36b7a7
15-servicios_contexto,OSM_OVERPASS,AVAILABLE,"{""capturado_en"": ""2026-09-29T14:18:28.362604+00:00"", ""categorias"": {""bank"": 10, ""clinic"": 1, ""mall"": 4, ""pharmacy"": 2, ""place_of_worship"": 1, ""restaurant"": 8, ""school"": 1, ""supermarket"": 3}, ""elementos"": 30, ""espejo"": ""maps.mail.ru"", ""nivel_autoridad"": ""CONTEXTO: nunca autoridad oficial"", ""radio_m"": 1500}",CONTEXTUAL_EXTERNAL,OSM_OVERPASS | fallback_local:raw/golden/osm_overpass.json | precedence=CONTEXTUAL_REFERENCE | licencia=Open Database License (ODbL) 1.0 — © OpenStreetMap contributors. Atribución obligatoria; share-alike sobre bases derivadas. | captura cruda preservada sin modificar (fallback declarado). · raw/golden/osm_overpass.json; el servicio en vivo quedó declarado SOURCE_UNAVAILABLE (modo offline: no se consulta Overpass.),e1fa1a3adbe4754919a8feddee03b32b5b541563b864f0d75d50e3ad6bc9b8c2
16-street_imagery,MAPILLARY+GOOGLE_STREET_VIEW,SOURCE_UNAVAILABLE,"SOURCE_UNAVAILABLE: Selección automática determinista sin intervención humana; sin credenciales no se toca la red y la ausencia se declara. [street_imagery] | {""blocks_dictus"": false, ""credenciales"": {""GOOGLE_STREET_VIEW"": ""MISSING"", ""MAPILLARY"": ""MISSING"", ""NO_IMAGE_AVAILABLE"": ""NOT_REQUIRED""}, ""dictus_gate_impact"": ""NONE"", ""facade_view_level"": ""NO_IMAGE_AVAILABLE"", ""human_input_required"": false, ""motivo"": null, ""provider"": null}",CONTEXTUAL_EXTERNAL,MAPILLARY+GOOGLE_STREET_VIEW | live:selección automática determinista (sin credenciales) | precedence=CONTEXTUAL_REFERENCE | licencia=CC BY-SA 4.0 — © Mapillary contributors. Atribución obligatoria y share-alike (texto de atribución declarado por api/street_imagery.py). | Selección automática determinista sin intervención humana; sin credenciales no se toca la red y la ausencia se declara.,c9ca3ee7f72cc9fe7410d27386ca27fc6cc0e5f2af9ad540b6942fb79609c16e
17-solar,SOLAR_ENGINE+SHADOW_FACADE_EXPOSURE,AVAILABLE,"{""altura_fisica"": null, ""azimuth_deg"": 191.32, ""blocks_dictus"": false, ""elevation_deg"": 77.05, ""entradas"": [""coordenada oficial"", ""fecha""], ""es_medicion_fisica"": false, ""facade_solar_exposure"": ""INSUFFICIENT_GEOMETRY"", ""fecha"": ""2026-09-28"", ""geometria_faltante_fachada"": [""AZIMUT_FACHADA_VISIBLE""], ""hora"": ""12:00 local (UTC-5)"", ""metodo"": ""get_solar_position(lat, lon, dt, tz_offset=-5)"", ""shadow_confidence"": ""DEGRADED""}",COMPUTED,"SOLAR_ENGINE+SHADOW_FACADE_EXPOSURE | local:solar_engine.get_solar_position + facade_solar.analizar_exposicion_fachada | precedence=COMPUTED_REFERENCE | licencia=Cálculo propio de ARHIAX RE sobre entradas declaradas (coordenada, fecha, geometría oficial). Sin licencia de terceros sobre el resultado; reproducible y auditable. | Motor solar determinista (coordenada + fecha) y análisis de fachada con geometría declarada como faltante: se degrada la confianza, nunca se bloquea ni se inventa altura.",56f0d7a2b4cf93fc554e9c85ab5dd4147d4f0090be41cba762e7faf4e78af9a2
18-mercado,SIN_FUENTE (parámetros declarados por la corrida),SOURCE_UNAVAILABLE,"SOURCE_UNAVAILABLE: SIN FUENTE DE MERCADO: `LONJA_MARKET_BAQ` no está en el Source Registry (la Lonja no aporta datos a DICTUS). El valor es un parámetros declarados por la corrida (artefacto local de metodología), sin fuente externa automática verificable; no se sustituye por ningún otro dato. [mercado] | {""barrio_consultado"": ""Miramar"", ""es_fuente_de_datos"": false, ""etiqueta"": ""parámetros declarados por la corrida"", ""fuente_externa_verificable"": false, ""match_type"": ""EXACT"", ""methodology_id"": ""lonja_baq_metodologia"", ""sector"": ""Miramar"", ""valor_declarado_por_la_corrida"": {""rango_max_m2"": 8000000, ""rango_min_m2"": 5500000, ""valor_central_m2"": 6800000, ""vigencia_sector"": ""Q3-2026""}, ""version"": ""0.1-codiseno"", ""vigencia"": {""desde"": ""2026-05-08"", ""hasta"": ""2026-08-31""}}",,"SIN_FUENTE (parámetros declarados por la corrida) | local:artefacto de metodología del producto (sector por barrio, match exacto) · NO es una fuente de datos | fuente agregada: el detalle por capa está en el registro del pack | SIN FUENTE DE MERCADO: `LONJA_MARKET_BAQ` no está en el Source Registry (la Lonja no aporta datos a DICTUS). El valor es un parámetros declarados por la corrida (artefacto local de metodología), sin fuente externa automática verificable; no se sustituye por ningún otro dato.",d0840cc15de930926e1fa02a8efe6a4789649617251ab458b242a747c0e77f4c
