domain,source_id,product_role,status,binding,normalized_result,authority,provenance,raw_hash,required_for_decision,blocking_if_missing
identidad,CATASTRO_BAQ_ADOPCION_ANEXO1,CORE_IDENTITY,AVAILABLE,NUPRE_EXACTO,AFT0005BOHA,AUTHORITATIVE_OFFICIAL,modo=AUTHORIZED_FALLBACK (declarado AUTHORIZED_FALLBACK) | original=CATASTRO_BAQ_ADOPCION_ANEXO1 | snapshot=api/data/barranquilla_adopcion_anexo1.json | sha256:eafc828c45be83c5 | frescura=CATASTRO:90d hasta 2026-12-19 | consultado_en=None | live=None,eafc828c45be83c55969114fb9b789d876254d96a13e46d209315c0661ee23a3,True,True
direccion,CATASTRO_BAQ_DIRECCION,CORE_IDENTITY,SOURCE_UNAVAILABLE,NO_BINDING,AUSENCIA_DECLARADA: SOURCE_UNAVAILABLE — Ausencia declarada por las fuentes del dominio.,AUTHORITATIVE_OFFICIAL,"modo=sin_valor | fuentes=CATASTRO_BAQ_DIRECCION | motivo=Ausencia declarada por las fuentes del dominio. | Sin consulta en vivo utilizable y sin snapshot declarado para este atributo: ausencia declarada, nunca inventada. |  | Ausencia declarada (SOURCE_UNAVAILABLE): NUNCA se interpreta como NO_MATCH ni como conflicto. Se baja al siguiente escalón.",,True,True
predio,CATASTRO_BAQ_PREDIO,CORE_IDENTITY,SOURCE_UNAVAILABLE,NO_BINDING,AUSENCIA_DECLARADA: SOURCE_UNAVAILABLE — Ausencia declarada por las fuentes del dominio.,AUTHORITATIVE_OFFICIAL,"modo=sin_valor | fuentes=CATASTRO_BAQ_PREDIO | motivo=Ausencia declarada por las fuentes del dominio. | Sin consulta en vivo utilizable y sin snapshot declarado para este atributo: ausencia declarada, nunca inventada. |  | Ausencia declarada (SOURCE_UNAVAILABLE): NUNCA se interpreta como NO_MATCH ni como conflicto. Se baja al siguiente escalón.",,True,True
construccion,CATASTRO_BAQ_CONSTRUCCION,DECISION_CONTEXT,SOURCE_UNAVAILABLE,NO_APLICA_NO_AUTORIZA_IDENTIDAD,AUSENCIA_DECLARADA: SOURCE_UNAVAILABLE — Ausencia declarada por las fuentes del dominio.,AUTHORITATIVE_OFFICIAL,"modo=sin_valor | fuentes=CATASTRO_BAQ_CONSTRUCCION | motivo=Ausencia declarada por las fuentes del dominio. | Sin consulta en vivo utilizable y sin snapshot declarado para este atributo: ausencia declarada, nunca inventada. |  | Ausencia declarada (SOURCE_UNAVAILABLE): NUNCA se interpreta como NO_MATCH ni como conflicto. Se baja al siguiente escalón.",,True,False
barrio,POT_BAQ_BARRIOS,DECISION_CONTEXT,SOURCE_UNAVAILABLE,NO_APLICA_NO_AUTORIZA_IDENTIDAD,AUSENCIA_DECLARADA: SOURCE_UNAVAILABLE — Ausencia declarada por las fuentes del dominio.,AUTHORITATIVE_OFFICIAL,"modo=sin_valor | fuentes=POT_BAQ_BARRIOS | motivo=Ausencia declarada por las fuentes del dominio. | Sin consulta en vivo utilizable y sin snapshot declarado para este atributo: ausencia declarada, nunca inventada. |  | Ausencia declarada (SOURCE_UNAVAILABLE): NUNCA se interpreta como NO_MATCH ni como conflicto. Se baja al siguiente escalón.",,True,False
localidad,POT_BAQ_LOCALIDADES,DECISION_CONTEXT,SOURCE_UNAVAILABLE,NO_APLICA_NO_AUTORIZA_IDENTIDAD,AUSENCIA_DECLARADA: SOURCE_UNAVAILABLE — Ausencia declarada por las fuentes del dominio.,AUTHORITATIVE_OFFICIAL,"modo=sin_valor | fuentes=POT_BAQ_LOCALIDADES | motivo=Ausencia declarada por las fuentes del dominio. | Sin consulta en vivo utilizable y sin snapshot declarado para este atributo: ausencia declarada, nunca inventada. |  | Ausencia declarada (SOURCE_UNAVAILABLE): NUNCA se interpreta como NO_MATCH ni como conflicto. Se baja al siguiente escalón.",,True,False
destino,CATASTRO_BAQ_DESTINO_ECONOMICO,DECISION_CONTEXT,SOURCE_UNAVAILABLE,NO_APLICA_NO_AUTORIZA_IDENTIDAD,AUSENCIA_DECLARADA: SOURCE_UNAVAILABLE — Ausencia declarada por las fuentes del dominio.,AUTHORITATIVE_OFFICIAL,"modo=sin_valor | fuentes=CATASTRO_BAQ_DESTINO_ECONOMICO | motivo=Ausencia declarada por las fuentes del dominio. | Sin consulta en vivo utilizable y sin snapshot declarado para este atributo: ausencia declarada, nunca inventada. |  | Ausencia declarada (SOURCE_UNAVAILABLE): NUNCA se interpreta como NO_MATCH ni como conflicto. Se baja al siguiente escalón.",,True,False
uso_pot,POT_BAQ_POLIGONOS_USO,CORE_NORMATIVE,NOT_SUPPORTED,NO_APLICA_NO_AUTORIZA_IDENTIDAD,AUSENCIA_DECLARADA: NOT_SUPPORTED — Todas las fuentes del dominio declaran NOT_SUPPORTED.,AUTHORITATIVE_OFFICIAL,"modo=sin_valor | fuentes=POT_BAQ_POLIGONOS_USO | motivo=Todas las fuentes del dominio declaran NOT_SUPPORTED. | Sin consulta en vivo utilizable y sin snapshot declarado para este atributo: ausencia declarada, nunca inventada. |  | Ausencia declarada (NOT_SUPPORTED): NUNCA se interpreta como NO_MATCH ni como conflicto. Se baja al siguiente escalón.",,True,True
tratamiento,POT_BAQ_TRATAMIENTO,CORE_NORMATIVE,SOURCE_UNAVAILABLE,NO_APLICA_NO_AUTORIZA_IDENTIDAD,AUSENCIA_DECLARADA: SOURCE_UNAVAILABLE — Ausencia declarada por las fuentes del dominio.,AUTHORITATIVE_OFFICIAL,"modo=sin_valor | fuentes=POT_BAQ_TRATAMIENTO | motivo=Ausencia declarada por las fuentes del dominio. | Sin consulta en vivo utilizable y sin snapshot declarado para este atributo: ausencia declarada, nunca inventada. |  | Ausencia declarada (SOURCE_UNAVAILABLE): NUNCA se interpreta como NO_MATCH ni como conflicto. Se baja al siguiente escalón.",,True,True
edificabilidad,POT_BAQ_EDIFICABILIDAD,CORE_NORMATIVE,SOURCE_UNAVAILABLE,NO_APLICA_NO_AUTORIZA_IDENTIDAD,AUSENCIA_DECLARADA: SOURCE_UNAVAILABLE — Ausencia declarada por las fuentes del dominio.,AUTHORITATIVE_OFFICIAL,"modo=sin_valor | fuentes=POT_BAQ_EDIFICABILIDAD | motivo=Ausencia declarada por las fuentes del dominio. | Sin consulta en vivo utilizable y sin snapshot declarado para este atributo: ausencia declarada, nunca inventada. |  | Ausencia declarada (SOURCE_UNAVAILABLE): NUNCA se interpreta como NO_MATCH ni como conflicto. Se baja al siguiente escalón.",,True,True
remocion,POT_BAQ_REMOCION_2024,CORE_RISK,AVAILABLE,NO_APLICA_NO_AUTORIZA_IDENTIDAD,Media,AUTHORITATIVE_OFFICIAL,modo=AUTOMATED_SNAPSHOT (declarado LIVE_QUERY) | original=POT_BAQ_REMOCION_2024 | snapshot=api/data/amenaza_remocion_masa.geojson | sha256:5b424b164abbd91c | frescura=RIESGO:365d hasta 2027-09-01 | consultado_en=2026-09-29T00:00:00+00:00 | live=SOURCE_UNAVAILABLE,5b424b164abbd91c8d565e7448db9d4dbf301b5ed183f0a13057d2944d0976a4,True,True
inundacion,POT_BAQ_INUNDACION_2024,CORE_RISK,NOT_SUPPORTED,NO_APLICA_NO_AUTORIZA_IDENTIDAD,AUSENCIA_DECLARADA: NOT_SUPPORTED — Todas las fuentes del dominio declaran NOT_SUPPORTED.,AUTHORITATIVE_OFFICIAL,"modo=sin_valor | fuentes=POT_BAQ_INUNDACION_2024 | motivo=Todas las fuentes del dominio declaran NOT_SUPPORTED. | Sin consulta en vivo utilizable y sin snapshot declarado para este atributo: ausencia declarada, nunca inventada. |  | Ausencia declarada (NOT_SUPPORTED): NUNCA se interpreta como NO_MATCH ni como conflicto. Se baja al siguiente escalón.",,True,True
riesgo,POT_BAQ_RIESGO_2024,CORE_RISK,AVAILABLE,NO_APLICA_NO_AUTORIZA_IDENTIDAD,Medio,AUTHORITATIVE_OFFICIAL,modo=AUTOMATED_SNAPSHOT (declarado LIVE_QUERY) | original=POT_BAQ_RIESGO_2024 | snapshot=api/data/areas_en_riesgo.geojson | sha256:3b3f04ac89facec5 | frescura=RIESGO:365d hasta 2027-09-01 | consultado_en=2026-09-29T00:00:00+00:00 | live=SOURCE_UNAVAILABLE,3b3f04ac89facec586ad01317be4af91341c790ae70a1e767acb2f2a33fc08ac,True,True
equipamiento_oficial,EQUIPAMIENTO_*,DECISION_CONTEXT,NOT_SUPPORTED,NO_APLICA_NO_AUTORIZA_IDENTIDAD,AUSENCIA_DECLARADA: NOT_SUPPORTED — Todas las fuentes del dominio declaran NOT_SUPPORTED.,AUTHORITATIVE_OFFICIAL,"modo=sin_valor | fuentes=EQUIPAMIENTO_18, EQUIPAMIENTO_20, EQUIPAMIENTO_21, EQUIPAMIENTO_22, EQUIPAMIENTO_23, EQUIPAMIENTO_24, EQUIPAMIENTO_25, EQUIPAMIENTO_26, EQUIPAMIENTO_27 | motivo=Todas las fuentes del dominio declaran NOT_SUPPORTED. | Sin consulta en vivo utilizable y sin snapshot declarado para este atributo: ausencia declarada, nunca inventada.; Sin consulta en vivo utilizable y sin snapshot declarado para este atributo: ausencia declarada, nunca inventada.; Sin consulta en vivo utilizable y sin snapshot declarado para este atributo: ausencia declarada, nunca inventada.; Sin consulta en vivo utilizable y sin snapshot declarado para este atributo: ausencia declarada, nunca inventada.; Sin consulta en vivo utilizable y sin snapshot declarado para este atributo: ausencia declarada, nunca inventada.; Sin consulta en vivo utilizable y sin snapshot declarado para este atributo: ausencia declarada, nunca inventada.; Sin consulta en vivo utilizable y sin snapshot declarado para este atributo: ausencia declarada, nunca inventada.; Sin consulta en vivo utilizable y sin snapshot declarado para este atributo: ausencia declarada, nunca inventada.; Sin consulta en vivo utilizable y sin snapshot declarado para este atributo: ausencia declarada, nunca inventada. |  | Ausencia declarada (NOT_SUPPORTED): NUNCA se interpreta como NO_MATCH ni como conflicto. Se baja al siguiente escalón.",,True,False
servicios_contexto,OSM_OVERPASS,OPTIONAL_ENRICHMENT,AVAILABLE,NO_APLICA_NO_AUTORIZA_IDENTIDAD,"{""bank"": 10, ""clinic"": 1, ""mall"": 4, ""pharmacy"": 2, ""place_of_worship"": 1, ""restaurant"": 8, ""school"": 1, ""supermarket"": 3}",CONTEXTUAL_EXTERNAL,modo=AUTOMATED_SNAPSHOT (declarado LIVE_QUERY) | original=OSM_OVERPASS | snapshot=docs/source_pack/raw/golden/osm_overpass.json | sha256:a997a530f4ec15ce | frescura=CONTEXTO:30d hasta 2026-10-29 | consultado_en=None | live=None,a997a530f4ec15ce1be49dd9f97e64f4a06ff59eac9896bdc8a7d138f52de176,False,False
street_imagery,MAPILLARY+GOOGLE_STREET_VIEW,OPTIONAL_ENRICHMENT,SOURCE_UNAVAILABLE,NO_APLICA_NO_AUTORIZA_IDENTIDAD,AUSENCIA_DECLARADA: SOURCE_UNAVAILABLE — Ausencia declarada por las fuentes del dominio.,CONTEXTUAL_EXTERNAL,"modo=sin_valor | fuentes=MAPILLARY, GOOGLE_STREET_VIEW | motivo=Ausencia declarada por las fuentes del dominio. | Sin consulta en vivo utilizable y sin snapshot declarado para este atributo: ausencia declarada, nunca inventada.; Sin consulta en vivo utilizable y sin snapshot declarado para este atributo: ausencia declarada, nunca inventada. |  | Ausencia declarada (SOURCE_UNAVAILABLE): NUNCA se interpreta como NO_MATCH ni como conflicto. Se baja al siguiente escalón.",,False,False
solar,SOLAR_ENGINE+SHADOW_FACADE_EXPOSURE,DECISION_CONTEXT,AVAILABLE,NO_APLICA_NO_AUTORIZA_IDENTIDAD,INSUFFICIENT_GEOMETRY,COMPUTED,modo=LIVE_QUERY (declarado LIVE_QUERY) | original=SOLAR_ENGINE | snapshot=None | sha256: | frescura=None:Noned hasta None | consultado_en=2026-09-29T00:00:00+00:00 | live=AVAILABLE,,True,False
mercado,LONJA_MARKET_BAQ,CORE_MARKET,NOT_SUPPORTED,NO_APLICA_NO_AUTORIZA_IDENTIDAD,AUSENCIA_DECLARADA: NOT_SUPPORTED — La fuente que el dominio declara NO está en el registro vigente del pack: se declara su ausencia y NO se inventa ni se sustituye por otra fuente.,,modo=sin_valor | fuentes=LONJA_MARKET_BAQ | motivo=La fuente que el dominio declara NO está en el registro vigente del pack: se declara su ausencia y NO se inventa ni se sustituye por otra fuente. |  |  | ,,True,True
